iteration: 100, loss: 0.0365, scmap loss: 0.0268, locref loss: 0.0016, limb loss: 0.0081, lr: 0.0004999865777790546
iteration: 200, loss: 0.0036, scmap loss: 0.0034, locref loss: 0.0001, limb loss: 0.0002, lr: 0.0004999462980777025
iteration: 300, loss: 0.0028, scmap loss: 0.0026, locref loss: 0.0000, limb loss: 0.0001, lr: 0.0004998791264370084
iteration: 400, loss: 0.0027, scmap loss: 0.0025, locref loss: 0.0000, limb loss: 0.0001, lr: 0.0004997851210646331
iteration: 500, loss: 0.0025, scmap loss: 0.0023, locref loss: 0.0000, limb loss: 0.0001, lr: 0.0004996642819605768
iteration: 600, loss: 0.0025, scmap loss: 0.0024, locref loss: 0.0000, limb loss: 0.0001, lr: 0.0004995165509171784
iteration: 700, loss: 0.0026, scmap loss: 0.0025, locref loss: 0.0000, limb loss: 0.0001, lr: 0.0004993421025574207
iteration: 800, loss: 0.0025, scmap loss: 0.0024, locref loss: 0.0000, limb loss: 0.0001, lr: 0.000499140762258321
iteration: 900, loss: 0.0022, scmap loss: 0.0021, locref loss: 0.0000, limb loss: 0.0001, lr: 0.0004989127046428621
iteration: 1000, loss: 0.0023, scmap loss: 0.0022, locref loss: 0.0000, limb loss: 0.0001, lr: 0.0004986578715033829
iteration: 1100, loss: 0.0022, scmap loss: 0.0021, locref loss: 0.0000, limb loss: 0.0001, lr: 0.0004983763210475445
iteration: 1200, loss: 0.0021, scmap loss: 0.0020, locref loss: 0.0000, limb loss: 0.0001, lr: 0.0004980681696906686
iteration: 1300, loss: 0.0019, scmap loss: 0.0018, locref loss: 0.0000, limb loss: 0.0001, lr: 0.0004977332428097725
iteration: 1400, loss: 0.0021, scmap loss: 0.0019, locref loss: 0.0000, limb loss: 0.0001, lr: 0.0004973717732354999
iteration: 1500, loss: 0.0019, scmap loss: 0.0018, locref loss: 0.0000, limb loss: 0.0001, lr: 0.0004969836445525289
iteration: 1600, loss: 0.0018, scmap loss: 0.0017, locref loss: 0.0000, limb loss: 0.0001, lr: 0.0004965690313838422
iteration: 1700, loss: 0.0017, scmap loss: 0.0016, locref loss: 0.0000, limb loss: 0.0001, lr: 0.00049612793372944
iteration: 1800, loss: 0.0016, scmap loss: 0.0015, locref loss: 0.0000, limb loss: 0.0001, lr: 0.000495660409796983
iteration: 1900, loss: 0.0014, scmap loss: 0.0013, locref loss: 0.0000, limb loss: 0.0001, lr: 0.0004951664595864713
iteration: 2000, loss: 0.0015, scmap loss: 0.0014, locref loss: 0.0000, limb loss: 0.0001, lr: 0.0004946461995132267
iteration: 2100, loss: 0.0014, scmap loss: 0.0013, locref loss: 0.0000, limb loss: 0.0001, lr: 0.0004940996295772493
iteration: 2200, loss: 0.0011, scmap loss: 0.0010, locref loss: 0.0000, limb loss: 0.0001, lr: 0.0004935268661938608
iteration: 2300, loss: 0.0013, scmap loss: 0.0012, locref loss: 0.0000, limb loss: 0.0001, lr: 0.0004929279093630612
iteration: 2400, loss: 0.0011, scmap loss: 0.0010, locref loss: 0.0000, limb loss: 0.0001, lr: 0.0004923028755001724
iteration: 2500, loss: 0.0011, scmap loss: 0.0010, locref loss: 0.0000, limb loss: 0.0001, lr: 0.0004916518810205162
iteration: 2600, loss: 0.0011, scmap loss: 0.0010, locref loss: 0.0000, limb loss: 0.0001, lr: 0.0004909748095087707
iteration: 2700, loss: 0.0011, scmap loss: 0.0010, locref loss: 0.0000, limb loss: 0.0001, lr: 0.0004902720102109015
iteration: 2800, loss: 0.0010, scmap loss: 0.0009, locref loss: 0.0000, limb loss: 0.0001, lr: 0.0004895433085039258
iteration: 2900, loss: 0.0010, scmap loss: 0.0009, locref loss: 0.0000, limb loss: 0.0001, lr: 0.0004887888790108263
iteration: 3000, loss: 0.0010, scmap loss: 0.0009, locref loss: 0.0000, limb loss: 0.0001, lr: 0.00048800883814692497
iteration: 3100, loss: 0.0008, scmap loss: 0.0007, locref loss: 0.0000, limb loss: 0.0001, lr: 0.0004872033023275435
iteration: 3200, loss: 0.0010, scmap loss: 0.0009, locref loss: 0.0000, limb loss: 0.0001, lr: 0.000486372213345021
iteration: 3300, loss: 0.0008, scmap loss: 0.0007, locref loss: 0.0000, limb loss: 0.0001, lr: 0.0004855158331338316
iteration: 3400, loss: 0.0008, scmap loss: 0.0007, locref loss: 0.0000, limb loss: 0.0001, lr: 0.0004846341034863144
iteration: 3500, loss: 0.0008, scmap loss: 0.0007, locref loss: 0.0000, limb loss: 0.0001, lr: 0.00048372719902545214
iteration: 3600, loss: 0.0008, scmap loss: 0.0007, locref loss: 0.0000, limb loss: 0.0001, lr: 0.00048279526527039707
iteration: 3700, loss: 0.0008, scmap loss: 0.0007, locref loss: 0.0000, limb loss: 0.0000, lr: 0.00048183833132497966
iteration: 3800, loss: 0.0007, scmap loss: 0.0006, locref loss: 0.0000, limb loss: 0.0000, lr: 0.0004808564845006913
iteration: 3900, loss: 0.0008, scmap loss: 0.0007, locref loss: 0.0000, limb loss: 0.0001, lr: 0.0004798498994205147
iteration: 4000, loss: 0.0007, scmap loss: 0.0006, locref loss: 0.0000, limb loss: 0.0001, lr: 0.00047881866339594126
iteration: 4100, loss: 0.0006, scmap loss: 0.0006, locref loss: 0.0000, limb loss: 0.0001, lr: 0.0004777628928422928
iteration: 4200, loss: 0.0006, scmap loss: 0.0005, locref loss: 0.0000, limb loss: 0.0000, lr: 0.0004766826459672302
iteration: 4300, loss: 0.0006, scmap loss: 0.0005, locref loss: 0.0000, limb loss: 0.0000, lr: 0.00047557815560139716
iteration: 4400, loss: 0.0006, scmap loss: 0.0006, locref loss: 0.0000, limb loss: 0.0000, lr: 0.00047444942174479365
iteration: 4500, loss: 0.0007, scmap loss: 0.0006, locref loss: 0.0000, limb loss: 0.0000, lr: 0.00047329661902040243
iteration: 4600, loss: 0.0006, scmap loss: 0.0005, locref loss: 0.0000, limb loss: 0.0000, lr: 0.0004721198929473758
iteration: 4700, loss: 0.0007, scmap loss: 0.0006, locref loss: 0.0000, limb loss: 0.0000, lr: 0.00047091938904486597
iteration: 4800, loss: 0.0006, scmap loss: 0.0005, locref loss: 0.0000, limb loss: 0.0001, lr: 0.0004696951655205339
iteration: 4900, loss: 0.0006, scmap loss: 0.0005, locref loss: 0.0000, limb loss: 0.0000, lr: 0.00046844742610119283
iteration: 5000, loss: 0.0006, scmap loss: 0.0005, locref loss: 0.0000, limb loss: 0.0000, lr: 0.0004671762580983341
iteration: 5100, loss: 0.0006, scmap loss: 0.0005, locref loss: 0.0000, limb loss: 0.0001, lr: 0.0004658818361349404
iteration: 5200, loss: 0.0005, scmap loss: 0.0005, locref loss: 0.0000, limb loss: 0.0000, lr: 0.0004645642766263336
iteration: 5300, loss: 0.0005, scmap loss: 0.0004, locref loss: 0.0000, limb loss: 0.0000, lr: 0.000463223725091666
iteration: 5400, loss: 0.0005, scmap loss: 0.0005, locref loss: 0.0000, limb loss: 0.0000, lr: 0.0004618603561539203
iteration: 5500, loss: 0.0006, scmap loss: 0.0005, locref loss: 0.0000, limb loss: 0.0000, lr: 0.0004604743153322488
iteration: 5600, loss: 0.0005, scmap loss: 0.0005, locref loss: 0.0000, limb loss: 0.0000, lr: 0.00045906571904197335
iteration: 5700, loss: 0.0005, scmap loss: 0.0005, locref loss: 0.0000, limb loss: 0.0000, lr: 0.0004576347710099071
iteration: 5800, loss: 0.0006, scmap loss: 0.0005, locref loss: 0.0000, limb loss: 0.0000, lr: 0.00045618158765137196
iteration: 5900, loss: 0.0005, scmap loss: 0.0005, locref loss: 0.0000, limb loss: 0.0000, lr: 0.0004547063435893506
iteration: 6000, loss: 0.0005, scmap loss: 0.0005, locref loss: 0.0000, limb loss: 0.0000, lr: 0.0004532091843429953
iteration: 6100, loss: 0.0005, scmap loss: 0.0005, locref loss: 0.0000, limb loss: 0.0000, lr: 0.00045169031363911927
iteration: 6200, loss: 0.0006, scmap loss: 0.0006, locref loss: 0.0000, limb loss: 0.0000, lr: 0.0004501498769968748
iteration: 6300, loss: 0.0006, scmap loss: 0.0006, locref loss: 0.0000, limb loss: 0.0000, lr: 0.0004485879617277533
iteration: 6400, loss: 0.0005, scmap loss: 0.0005, locref loss: 0.0000, limb loss: 0.0000, lr: 0.0004470049461815506
iteration: 6500, loss: 0.0005, scmap loss: 0.0004, locref loss: 0.0000, limb loss: 0.0000, lr: 0.0004454008012544364
iteration: 6600, loss: 0.0005, scmap loss: 0.0005, locref loss: 0.0000, limb loss: 0.0000, lr: 0.0004437757597770542
iteration: 6700, loss: 0.0005, scmap loss: 0.0004, locref loss: 0.0000, limb loss: 0.0000, lr: 0.0004421300545800477
iteration: 6800, loss: 0.0005, scmap loss: 0.0004, locref loss: 0.0000, limb loss: 0.0000, lr: 0.00044046377297490835
iteration: 6900, loss: 0.0005, scmap loss: 0.0004, locref loss: 0.0000, limb loss: 0.0000, lr: 0.0004387772351037711
iteration: 7000, loss: 0.0005, scmap loss: 0.0004, locref loss: 0.0000, limb loss: 0.0000, lr: 0.0004370704700704664
iteration: 7100, loss: 0.0004, scmap loss: 0.0004, locref loss: 0.0000, limb loss: 0.0000, lr: 0.00043534382712095976
iteration: 7200, loss: 0.0005, scmap loss: 0.0004, locref loss: 0.0000, limb loss: 0.0000, lr: 0.00043359730625525117
iteration: 7300, loss: 0.0004, scmap loss: 0.0004, locref loss: 0.0000, limb loss: 0.0000, lr: 0.00043183128582313657
iteration: 7400, loss: 0.0004, scmap loss: 0.0004, locref loss: 0.0000, limb loss: 0.0000, lr: 0.00043004582403227687
iteration: 7500, loss: 0.0004, scmap loss: 0.0004, locref loss: 0.0000, limb loss: 0.0000, lr: 0.0004282411828171462
iteration: 7600, loss: 0.0004, scmap loss: 0.0004, locref loss: 0.0000, limb loss: 0.0000, lr: 0.00042641753680072725
iteration: 7700, loss: 0.0004, scmap loss: 0.0003, locref loss: 0.0000, limb loss: 0.0000, lr: 0.0004245751188136637
iteration: 7800, loss: 0.0004, scmap loss: 0.0004, locref loss: 0.0000, limb loss: 0.0000, lr: 0.00042271404527127743
iteration: 7900, loss: 0.0004, scmap loss: 0.0004, locref loss: 0.0000, limb loss: 0.0000, lr: 0.00042083460721187294
iteration: 8000, loss: 0.0004, scmap loss: 0.0003, locref loss: 0.0000, limb loss: 0.0000, lr: 0.00041893700836226344
iteration: 8100, loss: 0.0005, scmap loss: 0.0004, locref loss: 0.0000, limb loss: 0.0000, lr: 0.0004170214233454317
iteration: 8200, loss: 0.0004, scmap loss: 0.0004, locref loss: 0.0000, limb loss: 0.0000, lr: 0.0004150880849920213
iteration: 8300, loss: 0.0004, scmap loss: 0.0004, locref loss: 0.0000, limb loss: 0.0000, lr: 0.0004131371679250151
iteration: 8400, loss: 0.0004, scmap loss: 0.0003, locref loss: 0.0000, limb loss: 0.0000, lr: 0.00041116890497505665
iteration: 8500, loss: 0.0004, scmap loss: 0.0004, locref loss: 0.0000, limb loss: 0.0000, lr: 0.00040918352897278965
iteration: 8600, loss: 0.0004, scmap loss: 0.0003, locref loss: 0.0000, limb loss: 0.0000, lr: 0.0004071812145411968
iteration: 8700, loss: 0.0004, scmap loss: 0.0004, locref loss: 0.0000, limb loss: 0.0000, lr: 0.0004051622236147523
iteration: 8800, loss: 0.0004, scmap loss: 0.0004, locref loss: 0.0000, limb loss: 0.0000, lr: 0.00040312675992026925
iteration: 8900, loss: 0.0003, scmap loss: 0.0003, locref loss: 0.0000, limb loss: 0.0000, lr: 0.0004010750853922218
iteration: 9000, loss: 0.0004, scmap loss: 0.0003, locref loss: 0.0000, limb loss: 0.0000, lr: 0.00039900740375742316
iteration: 9100, loss: 0.0004, scmap loss: 0.0004, locref loss: 0.0000, limb loss: 0.0000, lr: 0.00039692388963885605
iteration: 9200, loss: 0.0004, scmap loss: 0.0003, locref loss: 0.0000, limb loss: 0.0000, lr: 0.00039482483407482505
iteration: 9300, loss: 0.0003, scmap loss: 0.0003, locref loss: 0.0000, limb loss: 0.0000, lr: 0.00039271044079214334
iteration: 9400, loss: 0.0004, scmap loss: 0.0003, locref loss: 0.0000, limb loss: 0.0000, lr: 0.00039058091351762414
iteration: 9500, loss: 0.0004, scmap loss: 0.0003, locref loss: 0.0000, limb loss: 0.0000, lr: 0.00038843657239340246
iteration: 9600, loss: 0.0004, scmap loss: 0.0004, locref loss: 0.0000, limb loss: 0.0000, lr: 0.0003862775338348001
iteration: 9700, loss: 0.0003, scmap loss: 0.0003, locref loss: 0.0000, limb loss: 0.0000, lr: 0.00038410420529544353
iteration: 9800, loss: 0.0004, scmap loss: 0.0003, locref loss: 0.0000, limb loss: 0.0000, lr: 0.00038191667408682406
iteration: 9900, loss: 0.0004, scmap loss: 0.0003, locref loss: 0.0000, limb loss: 0.0000, lr: 0.0003797151439357549
iteration: 10000, loss: 0.0003, scmap loss: 0.0003, locref loss: 0.0000, limb loss: 0.0000, lr: 0.00037750002229586244
iteration: 10100, loss: 0.0004, scmap loss: 0.0003, locref loss: 0.0000, limb loss: 0.0000, lr: 0.0003752714255824685
iteration: 10200, loss: 0.0003, scmap loss: 0.0003, locref loss: 0.0000, limb loss: 0.0000, lr: 0.0003730296448338777
iteration: 10300, loss: 0.0004, scmap loss: 0.0003, locref loss: 0.0000, limb loss: 0.0000, lr: 0.00037077494198456407
iteration: 10400, loss: 0.0003, scmap loss: 0.0003, locref loss: 0.0000, limb loss: 0.0000, lr: 0.0003685075498651713
iteration: 10500, loss: 0.0003, scmap loss: 0.0003, locref loss: 0.0000, limb loss: 0.0000, lr: 0.0003662276722025126
iteration: 10600, loss: 0.0004, scmap loss: 0.0003, locref loss: 0.0000, limb loss: 0.0000, lr: 0.000363935629138723
iteration: 10700, loss: 0.0004, scmap loss: 0.0003, locref loss: 0.0000, limb loss: 0.0000, lr: 0.0003616316244006157
iteration: 10800, loss: 0.0003, scmap loss: 0.0003, locref loss: 0.0000, limb loss: 0.0000, lr: 0.0003593159490264952
iteration: 10900, loss: 0.0004, scmap loss: 0.0004, locref loss: 0.0000, limb loss: 0.0000, lr: 0.0003569888067431748
iteration: 11000, loss: 0.0004, scmap loss: 0.0003, locref loss: 0.0000, limb loss: 0.0000, lr: 0.000354650488588959
iteration: 11100, loss: 0.0003, scmap loss: 0.0003, locref loss: 0.0000, limb loss: 0.0000, lr: 0.0003523012564983219
iteration: 11200, loss: 0.0003, scmap loss: 0.0003, locref loss: 0.0000, limb loss: 0.0000, lr: 0.0003499413433019072
iteration: 11300, loss: 0.0003, scmap loss: 0.0003, locref loss: 0.0000, limb loss: 0.0000, lr: 0.00034757101093418896
iteration: 11400, loss: 0.0003, scmap loss: 0.0003, locref loss: 0.0000, limb loss: 0.0000, lr: 0.00034519052132964134
iteration: 11500, loss: 0.0003, scmap loss: 0.0003, locref loss: 0.0000, limb loss: 0.0000, lr: 0.0003428001655265689
iteration: 11600, loss: 0.0003, scmap loss: 0.0003, locref loss: 0.0000, limb loss: 0.0000, lr: 0.0003404001472517848
iteration: 11700, loss: 0.0003, scmap loss: 0.0003, locref loss: 0.0000, limb loss: 0.0000, lr: 0.00033799081575125456
iteration: 11800, loss: 0.0003, scmap loss: 0.0003, locref loss: 0.0000, limb loss: 0.0000, lr: 0.0003355723456479609
iteration: 11900, loss: 0.0003, scmap loss: 0.0003, locref loss: 0.0000, limb loss: 0.0000, lr: 0.0003331450279802084
iteration: 12000, loss: 0.0003, scmap loss: 0.0003, locref loss: 0.0000, limb loss: 0.0000, lr: 0.00033070918289013207
iteration: 12100, loss: 0.0003, scmap loss: 0.0002, locref loss: 0.0000, limb loss: 0.0000, lr: 0.00032826498500071466
iteration: 12200, loss: 0.0003, scmap loss: 0.0002, locref loss: 0.0000, limb loss: 0.0000, lr: 0.0003258128126617521
iteration: 12300, loss: 0.0003, scmap loss: 0.0002, locref loss: 0.0000, limb loss: 0.0000, lr: 0.00032335284049622715
iteration: 12400, loss: 0.0003, scmap loss: 0.0002, locref loss: 0.0000, limb loss: 0.0000, lr: 0.0003208853886462748
iteration: 12500, loss: 0.0003, scmap loss: 0.0003, locref loss: 0.0000, limb loss: 0.0000, lr: 0.0003184106608387083
iteration: 12600, loss: 0.0003, scmap loss: 0.0003, locref loss: 0.0000, limb loss: 0.0000, lr: 0.0003159290354233235
iteration: 12700, loss: 0.0003, scmap loss: 0.0003, locref loss: 0.0000, limb loss: 0.0000, lr: 0.0003134407161269337
iteration: 12800, loss: 0.0003, scmap loss: 0.0003, locref loss: 0.0000, limb loss: 0.0000, lr: 0.00031094596488401294
iteration: 12900, loss: 0.0003, scmap loss: 0.0003, locref loss: 0.0000, limb loss: 0.0000, lr: 0.00030844510183669627
iteration: 13000, loss: 0.0003, scmap loss: 0.0003, locref loss: 0.0000, limb loss: 0.0000, lr: 0.00030593835981562734
iteration: 13100, loss: 0.0003, scmap loss: 0.0003, locref loss: 0.0000, limb loss: 0.0000, lr: 0.00030342605896294117
iteration: 13200, loss: 0.0003, scmap loss: 0.0002, locref loss: 0.0000, limb loss: 0.0000, lr: 0.0003009084321092814
iteration: 13300, loss: 0.0003, scmap loss: 0.0003, locref loss: 0.0000, limb loss: 0.0000, lr: 0.0002983857411891222
iteration: 13400, loss: 0.0003, scmap loss: 0.0003, locref loss: 0.0000, limb loss: 0.0000, lr: 0.00029585836455225945
iteration: 13500, loss: 0.0003, scmap loss: 0.0003, locref loss: 0.0000, limb loss: 0.0000, lr: 0.00029332644771784544
iteration: 13600, loss: 0.0003, scmap loss: 0.0003, locref loss: 0.0000, limb loss: 0.0000, lr: 0.00029079033993184566
iteration: 13700, loss: 0.0003, scmap loss: 0.0003, locref loss: 0.0000, limb loss: 0.0000, lr: 0.00028825030312873423
iteration: 13800, loss: 0.0003, scmap loss: 0.0003, locref loss: 0.0000, limb loss: 0.0000, lr: 0.00028570665745064616
iteration: 13900, loss: 0.0003, scmap loss: 0.0003, locref loss: 0.0000, limb loss: 0.0000, lr: 0.00028315960662439466
iteration: 14000, loss: 0.0002, scmap loss: 0.0002, locref loss: 0.0000, limb loss: 0.0000, lr: 0.00028060947079211473
iteration: 14100, loss: 0.0003, scmap loss: 0.0003, locref loss: 0.0000, limb loss: 0.0000, lr: 0.00027805654099211097
iteration: 14200, loss: 0.0003, scmap loss: 0.0003, locref loss: 0.0000, limb loss: 0.0000, lr: 0.000275501050055027
iteration: 14300, loss: 0.0003, scmap loss: 0.0002, locref loss: 0.0000, limb loss: 0.0000, lr: 0.00027294334722682834
iteration: 14400, loss: 0.0002, scmap loss: 0.0002, locref loss: 0.0000, limb loss: 0.0000, lr: 0.00027038369444198906
iteration: 14500, loss: 0.0002, scmap loss: 0.0002, locref loss: 0.0000, limb loss: 0.0000, lr: 0.0002678222954273224
iteration: 14600, loss: 0.0002, scmap loss: 0.0002, locref loss: 0.0000, limb loss: 0.0000, lr: 0.00026525952853262424
iteration: 14700, loss: 0.0003, scmap loss: 0.0002, locref loss: 0.0000, limb loss: 0.0000, lr: 0.0002626956265885383
iteration: 14800, loss: 0.0002, scmap loss: 0.0002, locref loss: 0.0000, limb loss: 0.0000, lr: 0.0002601308806333691
iteration: 14900, loss: 0.0002, scmap loss: 0.0002, locref loss: 0.0000, limb loss: 0.0000, lr: 0.0002575655817054212
iteration: 15000, loss: 0.0003, scmap loss: 0.0002, locref loss: 0.0000, limb loss: 0.0000, lr: 0.0002550000208429992
iteration: 15100, loss: 0.0002, scmap loss: 0.0002, locref loss: 0.0000, limb loss: 0.0000, lr: 0.0002524344017729163
iteration: 15200, loss: 0.0002, scmap loss: 0.0002, locref loss: 0.0000, limb loss: 0.0000, lr: 0.00024986910284496844
iteration: 15300, loss: 0.0002, scmap loss: 0.0002, locref loss: 0.0000, limb loss: 0.0000, lr: 0.0002473043859936297
iteration: 15400, loss: 0.0002, scmap loss: 0.0002, locref loss: 0.0000, limb loss: 0.0000, lr: 0.00024474048404954374
iteration: 15500, loss: 0.0002, scmap loss: 0.0002, locref loss: 0.0000, limb loss: 0.0000, lr: 0.00024217768805101514
iteration: 15600, loss: 0.0002, scmap loss: 0.0002, locref loss: 0.0000, limb loss: 0.0000, lr: 0.00023961633269209415
iteration: 15700, loss: 0.0002, scmap loss: 0.0002, locref loss: 0.0000, limb loss: 0.0000, lr: 0.00023705665080342442
iteration: 15800, loss: 0.0002, scmap loss: 0.0002, locref loss: 0.0000, limb loss: 0.0000, lr: 0.00023449896252714097
iteration: 15900, loss: 0.0002, scmap loss: 0.0002, locref loss: 0.0000, limb loss: 0.0000, lr: 0.00023194347159005702
iteration: 16000, loss: 0.0002, scmap loss: 0.0002, locref loss: 0.0000, limb loss: 0.0000, lr: 0.00022939054179005325
iteration: 16100, loss: 0.0002, scmap loss: 0.0002, locref loss: 0.0000, limb loss: 0.0000, lr: 0.00022684040595777333
iteration: 16200, loss: 0.0002, scmap loss: 0.0002, locref loss: 0.0000, limb loss: 0.0000, lr: 0.00022429335513152182
iteration: 16300, loss: 0.0002, scmap loss: 0.0002, locref loss: 0.0000, limb loss: 0.0000, lr: 0.00022174970945343375
iteration: 16400, loss: 0.0002, scmap loss: 0.0002, locref loss: 0.0000, limb loss: 0.0000, lr: 0.00021920967265032232
iteration: 16500, loss: 0.0002, scmap loss: 0.0002, locref loss: 0.0000, limb loss: 0.0000, lr: 0.00021667356486432254
iteration: 16600, loss: 0.0002, scmap loss: 0.0002, locref loss: 0.0000, limb loss: 0.0000, lr: 0.00021414166258182377
iteration: 16700, loss: 0.0002, scmap loss: 0.0002, locref loss: 0.0000, limb loss: 0.0000, lr: 0.00021161424228921533
iteration: 16800, loss: 0.0002, scmap loss: 0.0002, locref loss: 0.0000, limb loss: 0.0000, lr: 0.0002090915950248018
iteration: 16900, loss: 0.0002, scmap loss: 0.0002, locref loss: 0.0000, limb loss: 0.0000, lr: 0.0002065739536192268
iteration: 17000, loss: 0.0002, scmap loss: 0.0002, locref loss: 0.0000, limb loss: 0.0000, lr: 0.00020406165276654065
iteration: 17100, loss: 0.0002, scmap loss: 0.0002, locref loss: 0.0000, limb loss: 0.0000, lr: 0.00020155493984930217
iteration: 17200, loss: 0.0002, scmap loss: 0.0002, locref loss: 0.0000, limb loss: 0.0000, lr: 0.00019905403314623982
iteration: 17300, loss: 0.0002, scmap loss: 0.0002, locref loss: 0.0000, limb loss: 0.0000, lr: 0.00019655931100714952
iteration: 17400, loss: 0.0002, scmap loss: 0.0002, locref loss: 0.0000, limb loss: 0.0000, lr: 0.0001940709917107597
iteration: 17500, loss: 0.0002, scmap loss: 0.0002, locref loss: 0.0000, limb loss: 0.0000, lr: 0.00019158933719154447
iteration: 17600, loss: 0.0002, scmap loss: 0.0002, locref loss: 0.0000, limb loss: 0.0000, lr: 0.0001891146384878084
iteration: 17700, loss: 0.0002, scmap loss: 0.0002, locref loss: 0.0000, limb loss: 0.0000, lr: 0.0001866472011897713
iteration: 17800, loss: 0.0002, scmap loss: 0.0002, locref loss: 0.0000, limb loss: 0.0000, lr: 0.00018418724357616156
iteration: 17900, loss: 0.0002, scmap loss: 0.0002, locref loss: 0.0000, limb loss: 0.0000, lr: 0.00018173499847762287
iteration: 18000, loss: 0.0002, scmap loss: 0.0002, locref loss: 0.0000, limb loss: 0.0000, lr: 0.00017929084424395114
iteration: 18100, loss: 0.0002, scmap loss: 0.0002, locref loss: 0.0000, limb loss: 0.0000, lr: 0.00017685497005004436
iteration: 18200, loss: 0.0002, scmap loss: 0.0002, locref loss: 0.0000, limb loss: 0.0000, lr: 0.00017442766693420708
iteration: 18300, loss: 0.0002, scmap loss: 0.0002, locref loss: 0.0000, limb loss: 0.0000, lr: 0.00017200921138282865
iteration: 18400, loss: 0.0002, scmap loss: 0.0002, locref loss: 0.0000, limb loss: 0.0000, lr: 0.00016959985077846795
iteration: 18500, loss: 0.0002, scmap loss: 0.0002, locref loss: 0.0000, limb loss: 0.0000, lr: 0.0001671998470555991
iteration: 18600, loss: 0.0002, scmap loss: 0.0002, locref loss: 0.0000, limb loss: 0.0000, lr: 0.00016480949125252664
iteration: 18700, loss: 0.0002, scmap loss: 0.0002, locref loss: 0.0000, limb loss: 0.0000, lr: 0.00016242901619989425
iteration: 18800, loss: 0.0002, scmap loss: 0.0002, locref loss: 0.0000, limb loss: 0.0000, lr: 0.00016005871293600649
iteration: 18900, loss: 0.0002, scmap loss: 0.0002, locref loss: 0.0000, limb loss: 0.0000, lr: 0.00015769877063576132
iteration: 19000, loss: 0.0002, scmap loss: 0.0002, locref loss: 0.0000, limb loss: 0.0000, lr: 0.000155349523993209
iteration: 19100, loss: 0.0002, scmap loss: 0.0001, locref loss: 0.0000, limb loss: 0.0000, lr: 0.00015301122039090842
iteration: 19200, loss: 0.0002, scmap loss: 0.0002, locref loss: 0.0000, limb loss: 0.0000, lr: 0.000150684078107588
iteration: 19300, loss: 0.0002, scmap loss: 0.0001, locref loss: 0.0000, limb loss: 0.0000, lr: 0.00014836841728538275
iteration: 19400, loss: 0.0002, scmap loss: 0.0001, locref loss: 0.0000, limb loss: 0.0000, lr: 0.00014606441254727542
iteration: 19500, loss: 0.0002, scmap loss: 0.0002, locref loss: 0.0000, limb loss: 0.0000, lr: 0.00014377232582774013
iteration: 19600, loss: 0.0002, scmap loss: 0.0001, locref loss: 0.0000, limb loss: 0.0000, lr: 0.00014149249182082713
iteration: 19700, loss: 0.0002, scmap loss: 0.0001, locref loss: 0.0000, limb loss: 0.0000, lr: 0.00013922508514951915
iteration: 19800, loss: 0.0002, scmap loss: 0.0002, locref loss: 0.0000, limb loss: 0.0000, lr: 0.00013697033864445984
iteration: 19900, loss: 0.0002, scmap loss: 0.0001, locref loss: 0.0000, limb loss: 0.0000, lr: 0.0001347286015516147
iteration: 20000, loss: 0.0002, scmap loss: 0.0001, locref loss: 0.0000, limb loss: 0.0000, lr: 0.00013250000483822078
iteration: 20100, loss: 0.0002, scmap loss: 0.0001, locref loss: 0.0000, limb loss: 0.0000, lr: 0.00013028483954258263
iteration: 20200, loss: 0.0002, scmap loss: 0.0002, locref loss: 0.0000, limb loss: 0.0000, lr: 0.00012808339670300484
iteration: 20300, loss: 0.0002, scmap loss: 0.0001, locref loss: 0.0000, limb loss: 0.0000, lr: 0.0001258958363905549
iteration: 20400, loss: 0.0002, scmap loss: 0.0001, locref loss: 0.0000, limb loss: 0.0000, lr: 0.00012372240598779172
iteration: 20500, loss: 0.0002, scmap loss: 0.0001, locref loss: 0.0000, limb loss: 0.0000, lr: 0.00012156344018876553
iteration: 20600, loss: 0.0002, scmap loss: 0.0001, locref loss: 0.0000, limb loss: 0.0000, lr: 0.00011941904813284054
iteration: 20700, loss: 0.0002, scmap loss: 0.0001, locref loss: 0.0000, limb loss: 0.0000, lr: 0.00011728954268619418
iteration: 20800, loss: 0.0002, scmap loss: 0.0002, locref loss: 0.0000, limb loss: 0.0000, lr: 0.00011517517850734293
iteration: 20900, loss: 0.0002, scmap loss: 0.0001, locref loss: 0.0000, limb loss: 0.0000, lr: 0.00011307609383948147
iteration: 21000, loss: 0.0002, scmap loss: 0.0001, locref loss: 0.0000, limb loss: 0.0000, lr: 0.00011099257972091436
iteration: 21100, loss: 0.0001, scmap loss: 0.0001, locref loss: 0.0000, limb loss: 0.0000, lr: 0.00010892489808611572
iteration: 21200, loss: 0.0001, scmap loss: 0.0001, locref loss: 0.0000, limb loss: 0.0000, lr: 0.0001068731871782802
iteration: 21300, loss: 0.0001, scmap loss: 0.0001, locref loss: 0.0000, limb loss: 0.0000, lr: 0.00010483778169145808
iteration: 21400, loss: 0.0001, scmap loss: 0.0001, locref loss: 0.0000, limb loss: 0.0000, lr: 0.00010281879076501355
iteration: 21500, loss: 0.0001, scmap loss: 0.0001, locref loss: 0.0000, limb loss: 0.0000, lr: 0.00010081647633342072
iteration: 21600, loss: 0.0001, scmap loss: 0.0001, locref loss: 0.0000, limb loss: 0.0000, lr: 9.883112943498418e-05
iteration: 21700, loss: 0.0001, scmap loss: 0.0001, locref loss: 0.0000, limb loss: 0.0000, lr: 9.686285920906812e-05
iteration: 21800, loss: 0.0001, scmap loss: 0.0001, locref loss: 0.0000, limb loss: 0.0000, lr: 9.491192031418905e-05
iteration: 21900, loss: 0.0001, scmap loss: 0.0001, locref loss: 0.0000, limb loss: 0.0000, lr: 9.297859651269391e-05
iteration: 22000, loss: 0.0002, scmap loss: 0.0001, locref loss: 0.0000, limb loss: 0.0000, lr: 9.106298966798931e-05
iteration: 22100, loss: 0.0001, scmap loss: 0.0001, locref loss: 0.0000, limb loss: 0.0000, lr: 8.916534716263413e-05
iteration: 22200, loss: 0.0001, scmap loss: 0.0001, locref loss: 0.0000, limb loss: 0.0000, lr: 8.728595275897533e-05
iteration: 22300, loss: 0.0001, scmap loss: 0.0001, locref loss: 0.0000, limb loss: 0.0000, lr: 8.542490104446188e-05
iteration: 22400, loss: 0.0001, scmap loss: 0.0001, locref loss: 0.0000, limb loss: 0.0000, lr: 8.358245395356789e-05
iteration: 22500, loss: 0.0001, scmap loss: 0.0001, locref loss: 0.0000, limb loss: 0.0000, lr: 8.175884431693703e-05
iteration: 22600, loss: 0.0001, scmap loss: 0.0001, locref loss: 0.0000, limb loss: 0.0000, lr: 7.995417399797589e-05
iteration: 22700, loss: 0.0001, scmap loss: 0.0001, locref loss: 0.0000, limb loss: 0.0000, lr: 7.816872675903141e-05
iteration: 22800, loss: 0.0001, scmap loss: 0.0001, locref loss: 0.0000, limb loss: 0.0000, lr: 7.640269177500159e-05
iteration: 22900, loss: 0.0001, scmap loss: 0.0001, locref loss: 0.0000, limb loss: 0.0000, lr: 7.465620001312345e-05
iteration: 23000, loss: 0.0001, scmap loss: 0.0001, locref loss: 0.0000, limb loss: 0.0000, lr: 7.292948430404067e-05
iteration: 23100, loss: 0.0001, scmap loss: 0.0001, locref loss: 0.0000, limb loss: 0.0000, lr: 7.12227847543545e-05
iteration: 23200, loss: 0.0001, scmap loss: 0.0001, locref loss: 0.0000, limb loss: 0.0000, lr: 6.953619595151395e-05
iteration: 23300, loss: 0.0001, scmap loss: 0.0001, locref loss: 0.0000, limb loss: 0.0000, lr: 6.78699798299931e-05
iteration: 23400, loss: 0.0001, scmap loss: 0.0001, locref loss: 0.0000, limb loss: 0.0000, lr: 6.622424552915618e-05
iteration: 23500, loss: 0.0001, scmap loss: 0.0001, locref loss: 0.0000, limb loss: 0.0000, lr: 6.459922587964684e-05
iteration: 23600, loss: 0.0001, scmap loss: 0.0001, locref loss: 0.0000, limb loss: 0.0000, lr: 6.299511733232066e-05
iteration: 23700, loss: 0.0001, scmap loss: 0.0001, locref loss: 0.0000, limb loss: 0.0000, lr: 6.141201447462663e-05
iteration: 23800, loss: 0.0001, scmap loss: 0.0001, locref loss: 0.0000, limb loss: 0.0000, lr: 5.98501501372084e-05
iteration: 23900, loss: 0.0001, scmap loss: 0.0001, locref loss: 0.0000, limb loss: 0.0000, lr: 5.830972077092156e-05
iteration: 24000, loss: 0.0001, scmap loss: 0.0001, locref loss: 0.0000, limb loss: 0.0000, lr: 5.679082460119389e-05
iteration: 24100, loss: 0.0001, scmap loss: 0.0001, locref loss: 0.0000, limb loss: 0.0000, lr: 5.5293665354838595e-05
iteration: 24200, loss: 0.0001, scmap loss: 0.0001, locref loss: 0.0000, limb loss: 0.0000, lr: 5.381844312069006e-05
iteration: 24300, loss: 0.0001, scmap loss: 0.0001, locref loss: 0.0000, limb loss: 0.0000, lr: 5.236525248619728e-05
iteration: 24400, loss: 0.0001, scmap loss: 0.0001, locref loss: 0.0000, limb loss: 0.0000, lr: 5.09342789882794e-05
iteration: 24500, loss: 0.0001, scmap loss: 0.0001, locref loss: 0.0000, limb loss: 0.0000, lr: 4.952571907779202e-05
iteration: 24600, loss: 0.0001, scmap loss: 0.0001, locref loss: 0.0000, limb loss: 0.0000, lr: 4.8139649152290076e-05
iteration: 24700, loss: 0.0001, scmap loss: 0.0001, locref loss: 0.0000, limb loss: 0.0000, lr: 4.677626566262916e-05
iteration: 24800, loss: 0.0001, scmap loss: 0.0001, locref loss: 0.0000, limb loss: 0.0000, lr: 4.543575778370723e-05
iteration: 24900, loss: 0.0001, scmap loss: 0.0001, locref loss: 0.0000, limb loss: 0.0000, lr: 4.4118190999142826e-05
iteration: 25000, loss: 0.0001, scmap loss: 0.0001, locref loss: 0.0000, limb loss: 0.0000, lr: 4.282375448383391e-05
iteration: 25100, loss: 0.0001, scmap loss: 0.0001, locref loss: 0.0000, limb loss: 0.0000, lr: 4.1552604670869187e-05
iteration: 25200, loss: 0.0001, scmap loss: 0.0001, locref loss: 0.0000, limb loss: 0.0000, lr: 4.030483978567645e-05
iteration: 25300, loss: 0.0001, scmap loss: 0.0001, locref loss: 0.0000, limb loss: 0.0000, lr: 3.9080663555068895e-05
iteration: 25400, loss: 0.0001, scmap loss: 0.0001, locref loss: 0.0000, limb loss: 0.0000, lr: 3.7880123272771016e-05
iteration: 25500, loss: 0.0001, scmap loss: 0.0001, locref loss: 0.0000, limb loss: 0.0000, lr: 3.670338628580794e-05
iteration: 25600, loss: 0.0001, scmap loss: 0.0001, locref loss: 0.0000, limb loss: 0.0000, lr: 3.5550619941204786e-05
iteration: 25700, loss: 0.0001, scmap loss: 0.0001, locref loss: 0.0000, limb loss: 0.0000, lr: 3.4421896998537704e-05
iteration: 25800, loss: 0.0001, scmap loss: 0.0001, locref loss: 0.0000, limb loss: 0.0000, lr: 3.331735933898017e-05
iteration: 25900, loss: 0.0001, scmap loss: 0.0001, locref loss: 0.0000, limb loss: 0.0000, lr: 3.223715248168446e-05
iteration: 26000, loss: 0.0001, scmap loss: 0.0001, locref loss: 0.0000, limb loss: 0.0000, lr: 3.118135646218434e-05
iteration: 26100, loss: 0.0001, scmap loss: 0.0001, locref loss: 0.0000, limb loss: 0.0000, lr: 3.0150098609738052e-05
iteration: 26200, loss: 0.0001, scmap loss: 0.0001, locref loss: 0.0000, limb loss: 0.0000, lr: 2.9143531719455495e-05
iteration: 26300, loss: 0.0001, scmap loss: 0.0001, locref loss: 0.0000, limb loss: 0.0000, lr: 2.816170672303997e-05
iteration: 26400, loss: 0.0001, scmap loss: 0.0001, locref loss: 0.0000, limb loss: 0.0000, lr: 2.7204747311770916e-05
iteration: 26500, loss: 0.0001, scmap loss: 0.0001, locref loss: 0.0000, limb loss: 0.0000, lr: 2.62727899098536e-05
iteration: 26600, loss: 0.0001, scmap loss: 0.0001, locref loss: 0.0000, limb loss: 0.0000, lr: 2.536590545787476e-05
iteration: 26700, loss: 0.0001, scmap loss: 0.0001, locref loss: 0.0000, limb loss: 0.0000, lr: 2.4484195819240995e-05
iteration: 26800, loss: 0.0001, scmap loss: 0.0001, locref loss: 0.0000, limb loss: 0.0000, lr: 2.3627781047252938e-05
iteration: 26900, loss: 0.0001, scmap loss: 0.0001, locref loss: 0.0000, limb loss: 0.0000, lr: 2.2796730263507925e-05
iteration: 27000, loss: 0.0001, scmap loss: 0.0001, locref loss: 0.0000, limb loss: 0.0000, lr: 2.1991134417476133e-05
iteration: 27100, loss: 0.0001, scmap loss: 0.0001, locref loss: 0.0000, limb loss: 0.0000, lr: 2.1211122657405213e-05
iteration: 27200, loss: 0.0001, scmap loss: 0.0001, locref loss: 0.0000, limb loss: 0.0000, lr: 2.0456709535210393e-05
iteration: 27300, loss: 0.0001, scmap loss: 0.0001, locref loss: 0.0000, limb loss: 0.0000, lr: 1.972805694094859e-05
iteration: 27400, loss: 0.0001, scmap loss: 0.0001, locref loss: 0.0000, limb loss: 0.0000, lr: 1.90251630556304e-05
iteration: 27500, loss: 0.0001, scmap loss: 0.0001, locref loss: 0.0000, limb loss: 0.0000, lr: 1.8348162484471686e-05
iteration: 27600, loss: 0.0001, scmap loss: 0.0001, locref loss: 0.0000, limb loss: 0.0000, lr: 1.769712434906978e-05
iteration: 27700, loss: 0.0001, scmap loss: 0.0001, locref loss: 0.0000, limb loss: 0.0000, lr: 1.707209594314918e-05
iteration: 27800, loss: 0.0001, scmap loss: 0.0001, locref loss: 0.0000, limb loss: 0.0000, lr: 1.647316457820125e-05
iteration: 27900, loss: 0.0001, scmap loss: 0.0001, locref loss: 0.0000, limb loss: 0.0000, lr: 1.5900397556833923e-05
iteration: 28000, loss: 0.0001, scmap loss: 0.0001, locref loss: 0.0000, limb loss: 0.0000, lr: 1.5353833077824675e-05
iteration: 28100, loss: 0.0001, scmap loss: 0.0001, locref loss: 0.0000, limb loss: 0.0000, lr: 1.483355117670726e-05
iteration: 28200, loss: 0.0001, scmap loss: 0.0001, locref loss: 0.0000, limb loss: 0.0000, lr: 1.4339630070026033e-05
iteration: 28300, loss: 0.0001, scmap loss: 0.0001, locref loss: 0.0000, limb loss: 0.0000, lr: 1.3872066119802184e-05
iteration: 28400, loss: 0.0001, scmap loss: 0.0001, locref loss: 0.0000, limb loss: 0.0000, lr: 1.343096391792642e-05
iteration: 28500, loss: 0.0001, scmap loss: 0.0001, locref loss: 0.0000, limb loss: 0.0000, lr: 1.3016350749239791e-05
iteration: 28600, loss: 0.0001, scmap loss: 0.0001, locref loss: 0.0000, limb loss: 0.0000, lr: 1.262827299797209e-05
iteration: 28700, loss: 0.0001, scmap loss: 0.0001, locref loss: 0.0000, limb loss: 0.0000, lr: 1.2266772500879597e-05
iteration: 28800, loss: 0.0001, scmap loss: 0.0001, locref loss: 0.0000, limb loss: 0.0000, lr: 1.1931892913707998e-05
iteration: 28900, loss: 0.0001, scmap loss: 0.0001, locref loss: 0.0000, limb loss: 0.0000, lr: 1.162366424978245e-05
iteration: 29000, loss: 0.0001, scmap loss: 0.0001, locref loss: 0.0000, limb loss: 0.0000, lr: 1.1342131074343342e-05
iteration: 29100, loss: 0.0001, scmap loss: 0.0001, locref loss: 0.0000, limb loss: 0.0000, lr: 1.1087321581726428e-05
iteration: 29200, loss: 0.0001, scmap loss: 0.0001, locref loss: 0.0000, limb loss: 0.0000, lr: 1.0859248504857533e-05
iteration: 29300, loss: 0.0001, scmap loss: 0.0001, locref loss: 0.0000, limb loss: 0.0000, lr: 1.0657959137461148e-05
iteration: 29400, loss: 0.0001, scmap loss: 0.0001, locref loss: 0.0000, limb loss: 0.0000, lr: 1.0483451660547871e-05
iteration: 29500, loss: 0.0001, scmap loss: 0.0001, locref loss: 0.0000, limb loss: 0.0000, lr: 1.033575608744286e-05
iteration: 29600, loss: 0.0001, scmap loss: 0.0001, locref loss: 0.0000, limb loss: 0.0000, lr: 1.0214899702987168e-05
iteration: 29700, loss: 0.0001, scmap loss: 0.0001, locref loss: 0.0000, limb loss: 0.0000, lr: 1.0120899787580129e-05
iteration: 29800, loss: 0.0001, scmap loss: 0.0001, locref loss: 0.0000, limb loss: 0.0000, lr: 1.0053725418401882e-05
iteration: 29900, loss: 0.0001, scmap loss: 0.0001, locref loss: 0.0000, limb loss: 0.0000, lr: 1.0013435712608043e-05
iteration: 30000, loss: 0.0001, scmap loss: 0.0001, locref loss: 0.0000, limb loss: 0.0000, lr: 1.0000000656873453e-05
iteration: 30100, loss: 0.0001, scmap loss: 0.0001, locref loss: 0.0000, limb loss: 0.0000, lr: 1.0000000656873453e-05
iteration: 30200, loss: 0.0001, scmap loss: 0.0001, locref loss: 0.0000, limb loss: 0.0000, lr: 1.0000000656873453e-05
iteration: 30300, loss: 0.0001, scmap loss: 0.0001, locref loss: 0.0000, limb loss: 0.0000, lr: 1.0000000656873453e-05
iteration: 30400, loss: 0.0001, scmap loss: 0.0001, locref loss: 0.0000, limb loss: 0.0000, lr: 1.0000000656873453e-05
iteration: 30500, loss: 0.0001, scmap loss: 0.0001, locref loss: 0.0000, limb loss: 0.0000, lr: 1.0000000656873453e-05
iteration: 30600, loss: 0.0001, scmap loss: 0.0001, locref loss: 0.0000, limb loss: 0.0000, lr: 1.0000000656873453e-05
iteration: 30700, loss: 0.0001, scmap loss: 0.0001, locref loss: 0.0000, limb loss: 0.0000, lr: 1.0000000656873453e-05
iteration: 30800, loss: 0.0001, scmap loss: 0.0001, locref loss: 0.0000, limb loss: 0.0000, lr: 1.0000000656873453e-05
iteration: 30900, loss: 0.0001, scmap loss: 0.0001, locref loss: 0.0000, limb loss: 0.0000, lr: 1.0000000656873453e-05
iteration: 31000, loss: 0.0001, scmap loss: 0.0001, locref loss: 0.0000, limb loss: 0.0000, lr: 1.0000000656873453e-05
iteration: 31100, loss: 0.0001, scmap loss: 0.0001, locref loss: 0.0000, limb loss: 0.0000, lr: 1.0000000656873453e-05
iteration: 31200, loss: 0.0001, scmap loss: 0.0001, locref loss: 0.0000, limb loss: 0.0000, lr: 1.0000000656873453e-05
iteration: 31300, loss: 0.0001, scmap loss: 0.0001, locref loss: 0.0000, limb loss: 0.0000, lr: 1.0000000656873453e-05
iteration: 31400, loss: 0.0001, scmap loss: 0.0001, locref loss: 0.0000, limb loss: 0.0000, lr: 1.0000000656873453e-05
iteration: 31500, loss: 0.0001, scmap loss: 0.0001, locref loss: 0.0000, limb loss: 0.0000, lr: 1.0000000656873453e-05
iteration: 31600, loss: 0.0001, scmap loss: 0.0001, locref loss: 0.0000, limb loss: 0.0000, lr: 1.0000000656873453e-05
iteration: 31700, loss: 0.0001, scmap loss: 0.0001, locref loss: 0.0000, limb loss: 0.0000, lr: 1.0000000656873453e-05
iteration: 31800, loss: 0.0001, scmap loss: 0.0001, locref loss: 0.0000, limb loss: 0.0000, lr: 1.0000000656873453e-05
iteration: 31900, loss: 0.0001, scmap loss: 0.0001, locref loss: 0.0000, limb loss: 0.0000, lr: 1.0000000656873453e-05
iteration: 32000, loss: 0.0001, scmap loss: 0.0001, locref loss: 0.0000, limb loss: 0.0000, lr: 1.0000000656873453e-05
iteration: 32100, loss: 0.0001, scmap loss: 0.0001, locref loss: 0.0000, limb loss: 0.0000, lr: 1.0000000656873453e-05
iteration: 32200, loss: 0.0001, scmap loss: 0.0001, locref loss: 0.0000, limb loss: 0.0000, lr: 1.0000000656873453e-05
iteration: 32300, loss: 0.0001, scmap loss: 0.0001, locref loss: 0.0000, limb loss: 0.0000, lr: 1.0000000656873453e-05
iteration: 32400, loss: 0.0001, scmap loss: 0.0001, locref loss: 0.0000, limb loss: 0.0000, lr: 1.0000000656873453e-05
iteration: 32500, loss: 0.0001, scmap loss: 0.0001, locref loss: 0.0000, limb loss: 0.0000, lr: 1.0000000656873453e-05
iteration: 32600, loss: 0.0001, scmap loss: 0.0001, locref loss: 0.0000, limb loss: 0.0000, lr: 1.0000000656873453e-05
iteration: 32700, loss: 0.0001, scmap loss: 0.0001, locref loss: 0.0000, limb loss: 0.0000, lr: 1.0000000656873453e-05
iteration: 32800, loss: 0.0001, scmap loss: 0.0001, locref loss: 0.0000, limb loss: 0.0000, lr: 1.0000000656873453e-05
iteration: 32900, loss: 0.0001, scmap loss: 0.0001, locref loss: 0.0000, limb loss: 0.0000, lr: 1.0000000656873453e-05
iteration: 33000, loss: 0.0001, scmap loss: 0.0001, locref loss: 0.0000, limb loss: 0.0000, lr: 1.0000000656873453e-05
iteration: 33100, loss: 0.0001, scmap loss: 0.0001, locref loss: 0.0000, limb loss: 0.0000, lr: 1.0000000656873453e-05
iteration: 33200, loss: 0.0001, scmap loss: 0.0001, locref loss: 0.0000, limb loss: 0.0000, lr: 1.0000000656873453e-05
iteration: 33300, loss: 0.0001, scmap loss: 0.0001, locref loss: 0.0000, limb loss: 0.0000, lr: 1.0000000656873453e-05
iteration: 33400, loss: 0.0001, scmap loss: 0.0001, locref loss: 0.0000, limb loss: 0.0000, lr: 1.0000000656873453e-05
iteration: 33500, loss: 0.0001, scmap loss: 0.0001, locref loss: 0.0000, limb loss: 0.0000, lr: 1.0000000656873453e-05
iteration: 33600, loss: 0.0001, scmap loss: 0.0001, locref loss: 0.0000, limb loss: 0.0000, lr: 1.0000000656873453e-05
iteration: 33700, loss: 0.0001, scmap loss: 0.0001, locref loss: 0.0000, limb loss: 0.0000, lr: 1.0000000656873453e-05
iteration: 33800, loss: 0.0001, scmap loss: 0.0001, locref loss: 0.0000, limb loss: 0.0000, lr: 1.0000000656873453e-05
iteration: 33900, loss: 0.0001, scmap loss: 0.0001, locref loss: 0.0000, limb loss: 0.0000, lr: 1.0000000656873453e-05
iteration: 34000, loss: 0.0001, scmap loss: 0.0001, locref loss: 0.0000, limb loss: 0.0000, lr: 1.0000000656873453e-05
iteration: 34100, loss: 0.0001, scmap loss: 0.0001, locref loss: 0.0000, limb loss: 0.0000, lr: 1.0000000656873453e-05
iteration: 34200, loss: 0.0001, scmap loss: 0.0001, locref loss: 0.0000, limb loss: 0.0000, lr: 1.0000000656873453e-05
iteration: 34300, loss: 0.0001, scmap loss: 0.0001, locref loss: 0.0000, limb loss: 0.0000, lr: 1.0000000656873453e-05
iteration: 34400, loss: 0.0001, scmap loss: 0.0001, locref loss: 0.0000, limb loss: 0.0000, lr: 1.0000000656873453e-05
iteration: 34500, loss: 0.0001, scmap loss: 0.0001, locref loss: 0.0000, limb loss: 0.0000, lr: 1.0000000656873453e-05
iteration: 34600, loss: 0.0001, scmap loss: 0.0001, locref loss: 0.0000, limb loss: 0.0000, lr: 1.0000000656873453e-05
iteration: 34700, loss: 0.0001, scmap loss: 0.0001, locref loss: 0.0000, limb loss: 0.0000, lr: 1.0000000656873453e-05
iteration: 34800, loss: 0.0001, scmap loss: 0.0001, locref loss: 0.0000, limb loss: 0.0000, lr: 1.0000000656873453e-05
iteration: 34900, loss: 0.0001, scmap loss: 0.0001, locref loss: 0.0000, limb loss: 0.0000, lr: 1.0000000656873453e-05
iteration: 35000, loss: 0.0001, scmap loss: 0.0001, locref loss: 0.0000, limb loss: 0.0000, lr: 1.0000000656873453e-05
iteration: 35100, loss: 0.0001, scmap loss: 0.0001, locref loss: 0.0000, limb loss: 0.0000, lr: 1.0000000656873453e-05
iteration: 35200, loss: 0.0001, scmap loss: 0.0001, locref loss: 0.0000, limb loss: 0.0000, lr: 1.0000000656873453e-05
iteration: 35300, loss: 0.0001, scmap loss: 0.0001, locref loss: 0.0000, limb loss: 0.0000, lr: 1.0000000656873453e-05
iteration: 35400, loss: 0.0001, scmap loss: 0.0001, locref loss: 0.0000, limb loss: 0.0000, lr: 1.0000000656873453e-05
iteration: 35500, loss: 0.0001, scmap loss: 0.0001, locref loss: 0.0000, limb loss: 0.0000, lr: 1.0000000656873453e-05
iteration: 35600, loss: 0.0001, scmap loss: 0.0001, locref loss: 0.0000, limb loss: 0.0000, lr: 1.0000000656873453e-05
iteration: 35700, loss: 0.0001, scmap loss: 0.0001, locref loss: 0.0000, limb loss: 0.0000, lr: 1.0000000656873453e-05
iteration: 35800, loss: 0.0001, scmap loss: 0.0001, locref loss: 0.0000, limb loss: 0.0000, lr: 1.0000000656873453e-05
iteration: 35900, loss: 0.0001, scmap loss: 0.0001, locref loss: 0.0000, limb loss: 0.0000, lr: 1.0000000656873453e-05
iteration: 36000, loss: 0.0001, scmap loss: 0.0001, locref loss: 0.0000, limb loss: 0.0000, lr: 1.0000000656873453e-05
iteration: 36100, loss: 0.0001, scmap loss: 0.0001, locref loss: 0.0000, limb loss: 0.0000, lr: 1.0000000656873453e-05
iteration: 36200, loss: 0.0001, scmap loss: 0.0001, locref loss: 0.0000, limb loss: 0.0000, lr: 1.0000000656873453e-05
iteration: 36300, loss: 0.0001, scmap loss: 0.0001, locref loss: 0.0000, limb loss: 0.0000, lr: 1.0000000656873453e-05
iteration: 36400, loss: 0.0001, scmap loss: 0.0001, locref loss: 0.0000, limb loss: 0.0000, lr: 1.0000000656873453e-05
iteration: 36500, loss: 0.0001, scmap loss: 0.0001, locref loss: 0.0000, limb loss: 0.0000, lr: 1.0000000656873453e-05
iteration: 36600, loss: 0.0001, scmap loss: 0.0001, locref loss: 0.0000, limb loss: 0.0000, lr: 1.0000000656873453e-05
iteration: 36700, loss: 0.0001, scmap loss: 0.0001, locref loss: 0.0000, limb loss: 0.0000, lr: 1.0000000656873453e-05
iteration: 36800, loss: 0.0001, scmap loss: 0.0001, locref loss: 0.0000, limb loss: 0.0000, lr: 1.0000000656873453e-05
iteration: 36900, loss: 0.0001, scmap loss: 0.0001, locref loss: 0.0000, limb loss: 0.0000, lr: 1.0000000656873453e-05
iteration: 37000, loss: 0.0001, scmap loss: 0.0001, locref loss: 0.0000, limb loss: 0.0000, lr: 1.0000000656873453e-05
iteration: 37100, loss: 0.0001, scmap loss: 0.0001, locref loss: 0.0000, limb loss: 0.0000, lr: 1.0000000656873453e-05
iteration: 37200, loss: 0.0001, scmap loss: 0.0001, locref loss: 0.0000, limb loss: 0.0000, lr: 1.0000000656873453e-05
iteration: 37300, loss: 0.0001, scmap loss: 0.0001, locref loss: 0.0000, limb loss: 0.0000, lr: 1.0000000656873453e-05
iteration: 37400, loss: 0.0001, scmap loss: 0.0001, locref loss: 0.0000, limb loss: 0.0000, lr: 1.0000000656873453e-05
iteration: 37500, loss: 0.0001, scmap loss: 0.0001, locref loss: 0.0000, limb loss: 0.0000, lr: 1.0000000656873453e-05
iteration: 37600, loss: 0.0001, scmap loss: 0.0001, locref loss: 0.0000, limb loss: 0.0000, lr: 1.0000000656873453e-05
iteration: 37700, loss: 0.0001, scmap loss: 0.0001, locref loss: 0.0000, limb loss: 0.0000, lr: 1.0000000656873453e-05
iteration: 37800, loss: 0.0001, scmap loss: 0.0001, locref loss: 0.0000, limb loss: 0.0000, lr: 1.0000000656873453e-05
iteration: 37900, loss: 0.0001, scmap loss: 0.0001, locref loss: 0.0000, limb loss: 0.0000, lr: 1.0000000656873453e-05
iteration: 38000, loss: 0.0001, scmap loss: 0.0001, locref loss: 0.0000, limb loss: 0.0000, lr: 1.0000000656873453e-05
iteration: 38100, loss: 0.0001, scmap loss: 0.0001, locref loss: 0.0000, limb loss: 0.0000, lr: 1.0000000656873453e-05
iteration: 38200, loss: 0.0001, scmap loss: 0.0001, locref loss: 0.0000, limb loss: 0.0000, lr: 1.0000000656873453e-05
iteration: 38300, loss: 0.0001, scmap loss: 0.0001, locref loss: 0.0000, limb loss: 0.0000, lr: 1.0000000656873453e-05
iteration: 38400, loss: 0.0001, scmap loss: 0.0001, locref loss: 0.0000, limb loss: 0.0000, lr: 1.0000000656873453e-05
iteration: 38500, loss: 0.0001, scmap loss: 0.0001, locref loss: 0.0000, limb loss: 0.0000, lr: 1.0000000656873453e-05
iteration: 38600, loss: 0.0001, scmap loss: 0.0001, locref loss: 0.0000, limb loss: 0.0000, lr: 1.0000000656873453e-05
iteration: 38700, loss: 0.0001, scmap loss: 0.0001, locref loss: 0.0000, limb loss: 0.0000, lr: 1.0000000656873453e-05
iteration: 38800, loss: 0.0001, scmap loss: 0.0001, locref loss: 0.0000, limb loss: 0.0000, lr: 1.0000000656873453e-05
iteration: 38900, loss: 0.0001, scmap loss: 0.0001, locref loss: 0.0000, limb loss: 0.0000, lr: 1.0000000656873453e-05
iteration: 39000, loss: 0.0001, scmap loss: 0.0001, locref loss: 0.0000, limb loss: 0.0000, lr: 1.0000000656873453e-05
iteration: 39100, loss: 0.0001, scmap loss: 0.0001, locref loss: 0.0000, limb loss: 0.0000, lr: 1.0000000656873453e-05
iteration: 39200, loss: 0.0001, scmap loss: 0.0001, locref loss: 0.0000, limb loss: 0.0000, lr: 1.0000000656873453e-05
iteration: 39300, loss: 0.0001, scmap loss: 0.0001, locref loss: 0.0000, limb loss: 0.0000, lr: 1.0000000656873453e-05
iteration: 39400, loss: 0.0001, scmap loss: 0.0001, locref loss: 0.0000, limb loss: 0.0000, lr: 1.0000000656873453e-05
iteration: 39500, loss: 0.0001, scmap loss: 0.0001, locref loss: 0.0000, limb loss: 0.0000, lr: 1.0000000656873453e-05
iteration: 39600, loss: 0.0001, scmap loss: 0.0001, locref loss: 0.0000, limb loss: 0.0000, lr: 1.0000000656873453e-05
iteration: 39700, loss: 0.0001, scmap loss: 0.0001, locref loss: 0.0000, limb loss: 0.0000, lr: 1.0000000656873453e-05
iteration: 39800, loss: 0.0001, scmap loss: 0.0001, locref loss: 0.0000, limb loss: 0.0000, lr: 1.0000000656873453e-05
iteration: 39900, loss: 0.0001, scmap loss: 0.0001, locref loss: 0.0000, limb loss: 0.0000, lr: 1.0000000656873453e-05
iteration: 40000, loss: 0.0001, scmap loss: 0.0001, locref loss: 0.0000, limb loss: 0.0000, lr: 1.0000000656873453e-05
